dataset_num;avg_time
0;0.001522
1;0.027806
2;0.184519
3;0.844843
4;2.05042
5;11.7656
6;25.7713
