dataset_num;avg_time
0;0.007006
1;0.268938
2;8.6561
3;62.799
4;156.8
5;395.598
6;628.362
7;2464.49
8;5617.21
9;10060
